# Parameters:,Wind direction:,180°,Mach:,0.300 ​,Roll rate:,0 °/s,Active stages:,Sustainer,Flight configuration:,[No motors]
# 500 data points written for 1 variables.
# Angle of attack,CP (water_rocket) (mm)
0,208.719
0.002,208.882
0.003,209.044
0.005,209.205
0.007,209.365
0.009,209.525
0.01,209.684
0.012,209.843
0.014,210.001
0.016,210.158
0.017,210.315
0.019,210.471
0.021,210.627
0.023,210.782
0.024,210.936
0.026,211.09
0.028,211.243
0.03,211.396
0.031,211.548
0.033,211.699
0.035,211.85
0.037,212.001
0.038,212.15
0.04,212.299
0.042,212.448
0.044,212.596
0.045,212.744
0.047,212.891
0.049,213.037
0.051,213.183
0.052,213.328
0.054,213.473
0.056,213.617
0.058,213.761
0.059,213.904
0.061,214.046
0.063,214.188
0.065,214.33
0.066,214.471
0.068,214.611
0.07,214.751
0.072,214.891
0.073,215.03
0.075,215.168
0.077,215.306
0.079,215.444
0.08,215.581
0.082,215.717
0.084,215.853
0.086,215.989
0.087,216.124
0.089,216.258
0.091,216.392
0.093,216.526
0.094,216.659
0.096,216.791
0.098,216.924
0.099,217.055
0.101,217.186
0.103,217.317
0.105,217.447
0.106,217.577
0.108,217.707
0.11,217.835
0.112,217.964
0.113,218.092
0.115,218.219
0.117,218.347
0.119,218.473
0.12,218.599
0.122,218.725
0.124,218.851
0.126,218.975
0.127,219.1
0.129,219.224
0.131,219.348
0.133,219.471
0.134,219.594
0.136,219.716
0.138,219.838
0.14,219.959
0.141,220.08
0.143,220.201
0.145,220.321
0.147,220.441
0.148,220.561
0.15,220.68
0.152,220.799
0.154,220.917
0.155,221.035
0.157,221.152
0.159,221.269
0.161,221.386
0.162,221.502
0.164,221.618
0.166,221.734
0.168,221.849
0.169,221.964
0.171,222.078
0.173,222.192
0.175,222.306
0.176,222.419
0.178,222.532
0.18,222.645
0.182,222.757
0.183,222.869
0.185,222.98
0.187,223.091
0.188,223.202
0.19,223.313
0.192,223.423
0.194,223.532
0.195,223.642
0.197,223.751
0.199,223.859
0.201,223.968
0.202,224.075
0.204,224.183
0.206,224.29
0.208,224.397
0.209,224.504
0.211,224.61
0.213,224.716
0.215,224.822
0.216,224.927
0.218,225.032
0.22,225.136
0.222,225.241
0.223,225.345
0.225,225.448
0.227,225.552
0.229,225.655
0.23,225.757
0.232,225.86
0.234,225.962
0.236,226.063
0.237,226.165
0.239,226.266
0.241,226.367
0.243,226.467
0.244,226.567
0.246,226.667
0.248,226.767
0.25,226.866
0.251,226.965
0.253,227.064
0.255,227.162
0.257,227.26
0.258,227.358
0.26,227.455
0.262,227.553
0.264,227.65
0.265,227.746
0.267,227.843
0.269,227.939
0.271,228.034
0.272,228.13
0.274,228.225
0.276,228.32
0.278,228.415
0.279,228.509
0.281,228.603
0.283,228.697
0.284,228.791
0.286,228.884
0.288,228.977
0.29,229.07
0.291,229.162
0.293,229.254
0.295,229.346
0.297,229.438
0.298,229.53
0.3,229.621
0.302,229.712
0.304,229.802
0.305,229.893
0.307,229.983
0.309,230.073
0.311,230.162
0.312,230.252
0.314,230.341
0.316,230.43
0.318,230.518
0.319,230.607
0.321,230.695
0.323,230.783
0.325,230.87
0.326,230.958
0.328,231.045
0.33,231.132
0.332,231.219
0.333,231.305
0.335,231.391
0.337,231.477
0.339,231.563
0.34,231.649
0.342,231.734
0.344,231.819
0.346,231.904
0.347,231.988
0.349,232.073
0.351,232.157
0.353,232.241
0.354,232.324
0.356,232.408
0.358,232.491
0.36,232.574
0.361,232.657
0.363,232.74
0.365,232.822
0.367,232.904
0.368,232.986
0.37,233.068
0.372,233.149
0.374,233.231
0.375,233.312
0.377,233.392
0.379,233.473
0.38,233.554
0.382,233.634
0.384,233.714
0.386,233.794
0.387,233.873
0.389,233.953
0.391,234.032
0.393,234.111
0.394,234.19
0.396,234.268
0.398,234.347
0.4,234.425
0.401,234.503
0.403,234.581
0.405,234.658
0.407,234.736
0.408,234.813
0.41,234.89
0.412,234.967
0.414,235.044
0.415,235.12
0.417,235.196
0.419,235.273
0.421,235.348
0.422,235.424
0.424,235.5
0.426,235.575
0.428,235.65
0.429,235.725
0.431,235.8
0.433,235.875
0.435,235.949
0.436,236.023
0.438,236.097
0.44,236.171
0.442,236.245
0.443,236.319
0.445,236.392
0.447,236.465
0.449,236.538
0.45,236.611
0.452,236.684
0.454,236.756
0.456,236.829
0.457,236.901
0.459,236.973
0.461,237.045
0.463,237.116
0.464,237.188
0.466,237.259
0.468,237.33
0.469,237.401
0.471,237.472
0.473,237.543
0.475,237.613
0.476,237.684
0.478,237.754
0.48,237.824
0.482,237.894
0.483,237.964
0.485,238.033
0.487,238.103
0.489,238.172
0.49,238.241
0.492,238.31
0.494,238.379
0.496,238.447
0.497,238.516
0.499,238.584
0.501,238.652
0.503,238.72
0.504,238.788
0.506,238.856
0.508,238.924
0.51,238.991
0.511,239.058
0.513,239.125
0.515,239.192
0.517,239.259
0.518,239.326
0.52,239.393
0.522,239.459
0.524,239.525
0.525,239.592
0.527,239.658
0.529,239.723
0.531,239.789
0.532,239.855
0.534,239.92
0.536,239.986
0.538,240.051
0.539,240.116
0.541,240.181
0.543,240.245
0.545,240.31
0.546,240.375
0.548,240.439
0.55,240.503
0.552,240.567
0.553,240.631
0.555,240.695
0.557,240.759
0.559,240.823
0.56,240.886
0.562,240.949
0.564,241.013
0.565,241.076
0.567,241.139
0.569,241.202
0.571,241.264
0.572,241.327
0.574,241.389
0.576,241.452
0.578,241.514
0.579,241.576
0.581,241.638
0.583,241.7
0.585,241.762
0.586,241.823
0.588,241.885
0.59,241.946
0.592,242.007
0.593,242.069
0.595,242.13
0.597,242.191
0.599,242.251
0.6,242.312
0.602,242.373
0.604,242.433
0.606,242.494
0.607,242.554
0.609,242.614
0.611,242.674
0.613,242.734
0.614,242.794
0.616,242.853
0.618,242.913
0.62,242.972
0.621,243.032
0.623,243.091
0.625,243.15
0.627,243.209
0.628,243.268
0.63,243.327
0.632,243.386
0.634,243.444
0.635,243.503
0.637,243.561
0.639,243.62
0.641,243.678
0.642,243.736
0.644,243.794
0.646,243.852
0.648,243.91
0.649,243.968
0.651,244.025
0.653,244.083
0.654,244.14
0.656,244.198
0.658,244.255
0.66,244.312
0.661,244.369
0.663,244.426
0.665,244.483
0.667,244.54
0.668,244.596
0.67,244.653
0.672,244.709
0.674,244.766
0.675,244.822
0.677,244.878
0.679,244.934
0.681,244.99
0.682,245.046
0.684,245.102
0.686,245.158
0.688,245.214
0.689,245.269
0.691,245.325
0.693,245.38
0.695,245.435
0.696,245.491
0.698,245.546
0.7,245.601
0.702,245.656
0.703,245.711
0.705,245.766
0.707,245.82
0.709,245.875
0.71,245.93
0.712,245.984
0.714,246.038
0.716,246.093
0.717,246.147
0.719,246.201
0.721,246.255
0.723,246.309
0.724,246.363
0.726,246.417
0.728,246.471
0.73,246.525
0.731,246.578
0.733,246.632
0.735,246.685
0.737,246.739
0.738,246.792
0.74,246.845
0.742,246.898
0.744,246.951
0.745,247.004
0.747,247.057
0.749,247.11
0.75,247.163
0.752,247.216
0.754,247.268
0.756,247.321
0.757,247.374
0.759,247.426
0.761,247.478
0.763,247.531
0.764,247.583
0.766,247.635
0.768,247.687
0.77,247.739
0.771,247.791
0.773,247.843
0.775,247.895
0.777,247.947
0.778,247.998
0.78,248.05
0.782,248.102
0.784,248.153
0.785,248.205
0.787,248.256
0.789,248.307
0.791,248.359
0.792,248.41
0.794,248.461
0.796,248.512
0.798,248.563
0.799,248.614
0.801,248.665
0.803,248.716
0.805,248.766
0.806,248.817
0.808,248.868
0.81,248.918
0.812,248.969
0.813,249.019
0.815,249.07
0.817,249.12
0.819,249.171
0.82,249.221
0.822,249.271
0.824,249.321
0.826,249.371
0.827,249.421
0.829,249.471
0.831,249.521
0.833,249.571
0.834,249.621
0.836,249.671
0.838,249.72
0.84,249.77
0.841,249.82
0.843,249.869
0.845,249.919
0.846,249.968
0.848,250.018
0.85,250.067
0.852,250.116
0.853,250.166
0.855,250.215
0.857,250.264
0.859,250.313
0.86,250.362
0.862,250.411
0.864,250.46
0.866,250.509
0.867,250.558
0.869,250.607
0.871,250.656
